Question ID,Category,Question,Answer,Review,Rating
1,math,How many straight lines can be formed by 8 points of which 3 are collinear?,"To determine how many straight lines can be formed by 8 points of which 3 are collinear, we need to consider a few key steps.

First, determine the total number of straight lines that can be formed by selecting any 2 points from 8 points. This can be done using the combination formula \( \binom{n}{k} \), where \( n \) is the total number of points and \( k \) is the number of points to choose. 

For this situation:
\[ \binom{8}{2} = \frac{8!}{2! \cdot (8-2)!} = \frac{8 \cdot 7}{2 \cdot 1} = 28 \]

So, there are 28 possible lines if no restrictions are applied.

However, you must account for the fact that 3 of these points are collinear, which means that among the lines counted above, the line formed by these 3 points has been counted multiple times. 

If you select any 2 points from these 3 collinear points:
\[ \binom{3}{2} = \frac{3!}{2! \cdot (3-2)!} = 3 \]

These 3 combinations of 2 points on the same line are considered to overlap and thus, form the same line. Therefore, we want to avoid counting this one line multiple times. So, we subtract the 2 extra counts of this line from the total.

Thus, the calculation is:
\[ 28 \, \text{(total lines from 8 points)} - 2 \, \text{(extra lines counted among the 3 collinear points)} = 26 \]

So, the number of distinct straight lines that can be formed by 8 points, of which 3 are collinear, is \( \boxed{26} \).","Evaluation: The system_answer is mostly correct. It correctly identifies the process to determine the total number of lines by using the combination formula and correctly accounts for the line formed by the 3 collinear points. However, it does not consider that any two points out of the 8 can form a line, and only 1 line should be subtracted given that 3 collinear points form 1 unique line. Therefore, the accurate calculation should not be subtracting 2 extra counts because overlapping did not happen. The approach is mostly correct but slightly overcomplicated at the end. 

Furthermore, the explanation is quite detailed and the steps are generally clear, but it can be confusing due to the slight error. 

Hence, it misses out on complete accuracy but provides a mostly helpful and detailed process.

Total rating: 3",3
2,math,How many triangles can be formed by 8 points of which 3 are collinear?,"To determine how many triangles can be formed from 8 points, where 3 of those points are collinear, we need to follow these steps:

1. **Calculate the total number of triangles that can be formed from 8 points without any restrictions.**

   We use the combination formula \(\binom{n}{k}\), which gives the number of ways to choose \(k\) elements from a set of \(n\) elements:

   \[
   \binom{8}{3} = \frac{8!}{3!(8-3)!} = \frac{8 \times 7 \times 6}{3 \times 2 \times 1} = 56
   \]

2. **Determine the number of invalid triangles due to collinearity.**

   A triangle cannot be formed if all three points are collinear. There are 3 collinear points given. The number of ways to choose 3 points out of these 3 is:

   \[
   \binom{3}{3} = 1
   \]

3. **Subtract the invalid triangles from the total triangles.**

   The valid triangles are the total number of triangles minus the number of invalid triangles due to collinearity:

   \[
   56 - 1 = 55
   \]

So, the number of triangles that can be formed by 8 points, of which 3 are collinear, is \(55\).","Evaluation: The system_answer is clear, detailed, and walks through the steps required to answer the question systematically. It explains the combination formula, how to calculate the total number of triangles, and how to account for the collinear points to determine the valid triangles. This directly addresses the user’s concern and provides the correct mathematical approach and solution. There are no key points missed, and the explanation is complete and thorough.

Total rating: 4",4
3,math,How many committees of 5 students can be selected from a class of 25?,"To determine how many committees of 5 students can be selected from a class of 25, you can use the concept of combinations. The number of ways to choose \( r \) items from \( n \) items without regard to order is given by the combination formula:

\[
\binom{n}{r} = \frac{n!}{r!(n-r)!}
\]

In this case, \( n = 25 \) and \( r = 5 \). Plugging these values into the formula gives us:

\[
\binom{25}{5} = \frac{25!}{5!(25-5)!} = \frac{25!}{5! \cdot 20!}
\]

Since \( 25! \) (25 factorial) is the product of all positive integers up to 25, and \( 20! \) (20 factorial) is the product of all positive integers up to 20, we can simplify \( \frac{25!}{20!} \) into \( 25 \times 24 \times 23 \times 22 \times 21 \), since the \( 20! \) terms cancel out.

Thus, we have:

\[
\binom{25}{5} = \frac{25 \times 24 \times 23 \times 22 \times 21}{5!}
\]

Next, we need to calculate \( 5! \) (5 factorial):

\[
5! = 5 \times 4 \times 3 \times 2 \times 1 = 120
\]

Now we can substitute back into our combination formula:

\[
\binom{25}{5} = \frac{25 \times 24 \times 23 \times 22 \times 21}{120}
\]

Calculating the numerator:

\[
25 \times 24 = 600
\]
\[
600 \times 23 = 13800
\]
\[
13800 \times 22 = 303600
\]
\[
303600 \times 21 = 6375600
\]

Now we divide by the denominator:

\[
\frac{6375600}{120} = 53130
\]

Therefore, the number of committees of 5 students that can be selected from a class of 25 is:

\[
\boxed{53130}
\]","Evaluation: The system_answer thoroughly explains the process of calculating the number of 5-member committees that can be selected from a class of 25. The explanation begins with the correct formula for combinations, details each step of the computation, simplifies expressions appropriately, and provides the final result. The detailed step-by-step process makes it clear and easy to follow for the user, addressing the concern by the user_question completely and correctly.

Total rating: 4",4
4,math,How many 10-letter patterns can be formed from the letters of the word “BASKETBALL”?,"To determine how many 10-letter patterns can be formed from the letters of the word ""BASKETBALL,"" we first note the composition and frequency of the letters in ""BASKETBALL"":

- B: 2
- A: 2
- S: 1
- K: 1
- E: 1
- T: 1
- L: 2

The total number of letters is 10. We need to account for the repeated letters when calculating the total number of distinct 10-letter patterns.

The formula for the number of distinct permutations of a multiset is given by:

\[
\frac{n!}{n_1! \cdot n_2! \cdot \ldots \cdot n_k!}
\]

where \( n \) is the total number of items to arrange, and \( n_1, n_2, \ldots, n_k \) are the frequencies of the distinct items.

For ""BASKETBALL,"" we substitute:

- \( n = 10 \) (total letters)
- The frequencies are: \( n_1 = 2 \) (B), \( n_2 = 2 \) (A), \( n_3 = 1 \) (S), \( n_4 = 1 \) (K), \( n_5 = 1 \) (E), \( n_6 = 1 \) (T), and \( n_7 = 2 \) (L).

Plugging these into the formula yields:

\[
\frac{10!}{2! \cdot 2! \cdot 1! \cdot 1! \cdot 1! \cdot 1! \cdot 2!}
\]

Calculating each factorial:

- \( 10! = 3,628,800 \)
- \( 2! = 2 \)
- \( 1! = 1 \)

Thus,

\[
\frac{10!}{2! \cdot 2! \cdot 1! \cdot 1! \cdot 1! \cdot 1! \cdot 2!} = \frac{3,628,800}{2 \cdot 2 \cdot 1 \cdot 1 \cdot 1 \cdot 1 \cdot 2} = \frac{3,628,800}{8} = 453,600
\]

Therefore, the number of distinct 10-letter patterns that can be formed from the letters of the word ""BASKETBALL"" is \( 453,600 \).","Evaluation: The system_answer is excellent for several reasons. Firstly, it correctly identifies the composition and frequency of the letters in ""BASKETBALL."" Secondly, it accurately applies the formula for calculating the number of distinct permutations of a multiset, factoring in the repeated letters. Thirdly, it details the steps taken to arrive at the final number, including the intermediate factorials and their simplification, showing clear and comprehensive work. The answer is direct, detailed, and addresses the user's question completely.

Total rating: 4",4
5,math,A box contains 12 black and 8 green marbles. How many ways can 3 black and 2 green marbles be chosen?,"To determine how many ways we can choose 3 black marbles from 12 and 2 green marbles from 8, we can use the combinations formula, denoted as \( \binom{n}{k} \), which represents the number of ways to choose \( k \) items from \( n \) items without regard to order. The formula for combinations is given by:

\[ \binom{n}{k} = \frac{n!}{k!(n-k)!} \]

First, let's calculate how many ways we can choose 3 black marbles from 12:

\[ \binom{12}{3} = \frac{12!}{3!(12-3)!} = \frac{12!}{3! \cdot 9!} \]

Calculate the factorials involved:

\[ 12! = 12 \times 11 \times 10 \times 9! \]
\[ 3! = 3 \times 2 \times 1 = 6 \]

So,

\[ \binom{12}{3} = \frac{12 \times 11 \times 10 \times 9!}{3! \times 9!} = \frac{12 \times 11 \times 10}{6} = \frac{1320}{6} = 220 \]

Next, we calculate how many ways we can choose 2 green marbles from 8:

\[ \binom{8}{2} = \frac{8!}{2!(8-2)!} = \frac{8!}{2! \cdot 6!} \]

Calculate the factorials involved:

\[ 8! = 8 \times 7 \times 6! \]
\[ 2! = 2 \times 1 = 2 \]

So,

\[ \binom{8}{2} = \frac{8 \times 7 \times 6!}{2! \times 6!} = \frac{8 \times 7}{2} = \frac{56}{2} = 28 \]

To find the total number of ways to choose 3 black marbles and 2 green marbles, we multiply the two results:

\[ \binom{12}{3} \times \binom{8}{2} = 220 \times 28 = 6160 \]

Therefore, there are 6,160 ways to choose 3 black marbles and 2 green marbles from the box.","Evaluation: The system_answer comprehensively addresses the user_question. It walks through the calculation steps in detail, including the combination formula, intermediate steps for factorial calculations, and factorial simplifications. Every part of the process is clearly documented and correct. The final answer is provided accurately with the proper explanation of how it was derived. This thorough and correct explanation ensures the user can follow and understand the solution to their question completely.

Total rating: 4",4
6,math,a) How many different ways can the students be assigned seats at the table? b) How many ways can a president and a vice-president be elected from the 8 students?,"Let's break down each part of the question:

### Part A: Seating Arrangements

To determine the number of different ways the students can be assigned seats at the table, we'll treat this as a permutation problem since the order in which the students are seated matters.

Given:
- There are 8 students.
- We need to find the total number of ways to arrange these 8 students in a line.

The number of permutations of 8 distinct items is given by \(8!\) (8 factorial).

\[ 8! = 8 \times 7 \times 6 \times 5 \times 4 \times 3 \times 2 \times 1 \]

Calculating this:

\[ 8! = 40,320 \]

So, there are 40,320 different ways to assign the students seats at the table.

### Part B: Electing a President and a Vice-President

For this part, we need to select and arrange 2 positions (president and vice-president) from the 8 students. This involves permutations where the order matters.

Given:
- There are 8 students.
- We need to elect 2 distinct positions (president and vice-president).

The number of ways to choose and arrange 2 positions from 8 items is given by \(P(8, 2)\), which is calculated as:

\[ P(8, 2) = \frac{8!}{(8-2)!} = \frac{8!}{6!} \]

Simplifying:

\[ P(8, 2) = 8 \times 7 = 56 \]

There are 56 ways to elect a president and a vice-president from the 8 students.","Evaluation: The system_answer thoroughly addresses both parts of the user's question with clear and correct explanations. Part A correctly identifies the number of distinct seating arrangements using 8!, and the detailed calculation is provided to reach the final answer of 40,320 ways. Part B correctly addresses the election of a president and vice-president by using the formula for permutations of 8 items taken 2 at a time, \( P(8, 2) \), and the explanation and calculation method are both accurate, resulting in the correct answer of 56 ways. The responses are relevant, detailed, and clearly address the user's concerns without missing any key aspects.

Total rating: 4",4
7,math,"A Club consists of 20 members, of which 9 are male and 11 are female. Seven members will be selected to form an event-planning committee. How many committees of 4 females and 3 males can be formed?","To determine the number of possible committees that can be formed with 4 females and 3 males, we need to use combinations. We'll calculate it in two parts: the number of ways to choose 4 females out of 11 and the number of ways to choose 3 males out of 9.

First, we'll calculate the number of ways to choose 4 females out of 11. This is given by:
\[ \binom{11}{4} = \frac{11!}{4!(11-4)!} = \frac{11!}{4! \cdot 7!} \]

Now we compute:
\[ 11! = 11 \times 10 \times 9 \times 8 \times 7! = 11 \times 10 \times 9 \times 8 \times 7! \]
\[ 4! = 4 \times 3 \times 2 \times 1 = 24 \]
\[ 7! = 7! \]

Thus,
\[ \binom{11}{4} = \frac{11 \times 10 \times 9 \times 8 \times 7!}{4! \times 7!} = \frac{11 \times 10 \times 9 \times 8}{24} = \frac{7920}{24} = 330 \]

Next, we'll calculate the number of ways to choose 3 males out of 9. This is given by:
\[ \binom{9}{3} = \frac{9!}{3!(9-3)!} = \frac{9!}{3! \cdot 6!} \]

Now we compute:
\[ 9! = 9 \times 8 \times 7 \times 6! = 9 \times 8 \times 7 \times 6! \]
\[ 3! = 3 \times 2 \times 1 = 6 \]
\[ 6! = 6! \]

Thus,
\[ \binom{9}{3} = \frac{9 \times 8 \times 7 \times 6!}{3! \times 6!} = \frac{9 \times 8 \times 7}{6} = \frac{504}{6} = 84 \]

Finally, to find the total number of ways to form a committee of 4 females and 3 males, we multiply the two combinations:
\[ \binom{11}{4} \times \binom{9}{3} = 330 \times 84 = 27720 \]

Therefore, the number of committees of 4 females and 3 males that can be formed is \( 27,720 \).","Evaluation: The system answer is excellent. It directly addresses the user's question by providing a detailed and precise mathematical solution. The answer accurately explains the use of combinations to determine the number of possible committees, thoroughly breaks down the calculations for selecting females and males, and correctly provides the final result. The step-by-step approach taken ensures clarity and understanding for anyone following along.

Total rating: 4

",4
8,math,How many 7-digit telephone numbers can be formed if the first digit cannot be 0 or 1?,"To determine the number of possible 7-digit telephone numbers where the first digit cannot be 0 or 1, follow these steps:

1. Identify the constraints and range of each digit position:
   - The first digit can be any digit from 2 to 9 (8 possibilities).
   - Each of the remaining 6 digits can be any digit from 0 to 9 (10 possibilities each).

2. Calculate the total number of combinations by multiplying the number of choices for each digit:

For the first digit: \(8\) choices (2 through 9).

For each of the remaining 6 digits: \(10\) choices (0 through 9).

The total number of possible 7-digit telephone numbers is calculated as follows:
\[
8 \times 10^6
\]

Now, let's perform the calculation:

\[
8 \times 10^6 = 8,000,000
\]

Thus, the number of possible 7-digit telephone numbers where the first digit cannot be 0 or 1 is \(8,000,000\).","Evaluation: The system_answer is relevant and directly addresses the user_question about the number of possible 7-digit telephone numbers with the given constraint (first digit cannot be 0 or 1). The answer clearly explains the constraints for each digit, provides the mathematical steps, and performs the calculation correctly. It is detailed and easy to follow, covering all aspects of the question.

Total rating: 4",4
9,math,Six people are seated at a round table to play a game of cards. a) Is the seating arrangement around the table a linear or circular permutation? b) How many possible seating arrangements are there?,"a) The seating arrangement around the table is a circular permutation. This is because the table is round, and in a circular permutation, the positioning is considered the same if one arrangement can be rotated to look like another.

b) The number of possible seating arrangements for \( n \) people around a round table is given by the formula for circular permutations, which is \((n-1)!\). For 6 people:

\[
(n-1)! = (6-1)! = 5! = 120
\]

So, there are 120 possible seating arrangements.","Evaluation: The system answer effectively and clearly addresses both parts of the user question. For part (a), it correctly identifies the seating arrangement as a circular permutation and provides a brief but accurate explanation. For part (b), it accurately calculates the number of possible seating arrangements using the formula \((n-1)! \), and it shows the steps involved in the calculation. The answer is relevant, detailed, and directly addresses all the concerns raised in the question.

Total rating: 4",4
10,math,"How many different 5-digit street addresses can have the digits 4, 7, 3, 4, and 8?","To determine the number of different 5-digit street addresses that can be made using the digits 4, 7, 3, 4, and 8, where repetition of digits is allowed, we need to think about permutations with repetition.

Given digits: 4, 7, 3, 4, 8
Notice that the digit '4' is repeated twice.

The general formula to find the number of permutations of a multiset (a set with repetitions) is:

\[ P = \frac{n!}{n_1! \times n_2! \times \cdots \times n_k!} \]

where: 
- \( n \) is the total number of items,
- \( n_1, n_2, \ldots, n_k \) are the frequencies of the repeated items.

In this case:
- \( n = 5 \) (total number of digits)
- The digit '4' is repeated twice, so \( n_1 = 2 \)
- The other digits (7, 3, and 8) each appear only once, so their factorials are \( 1! \), which is 1.

Plugging these values into the formula, we get:

\[ P = \frac{5!}{2! \times 1! \times 1! \times 1!} \]

First, calculate the factorials:

\[ 5! = 5 \times 4 \times 3 \times 2 \times 1 = 120 \]
\[ 2! = 2 \times 1 = 2 \]

Next, calculate the number of permutations:

\[ P = \frac{120}{2} = 60 \]

Therefore, there are 60 distinct 5-digit street addresses that can be formed using the digits 4, 7, 3, 4, and 8.","Evaluation: The system_answer provides a detailed and accurate explanation of the process to determine the number of different 5-digit street addresses that can be created using the digits 4, 7, 3, 4, and 8. It correctly identifies that the problem involves permutations with repetition and uses the appropriate formula for calculating the permutations. The step-by-step breakdown includes the calculation of factorials and appropriately handles the repeated digit. The final answer is correct, directly addressing the user’s question with a clear and thorough solution.

Total rating: 4",4
11,math,Three hardcover books and 5 paperbacks are placed on a shelf. How many ways can the books be arranged if all the hardcover books must be together and all the paperbacks must be together?,"To determine the number of ways to arrange three hardcover books and five paperbacks on a shelf, given that all hardcover books must be together and all paperbacks must be together, we can follow these steps:

1. Treat the group of hardcover books as a single unit and the group of paperbacks as another single unit. This simplification means we have two units to arrange.
2. The number of ways to arrange these two units is the number of permutations of the two units, which is \(2!\):
   \[
   2! = 2
   \]
3. Next, within the group of hardcover books, we can arrange the three books in \(3!\) ways:
   \[
   3! = 6
   \]
4. Similarly, within the group of paperbacks, we can arrange the five books in \(5!\) ways:
   \[
   5! = 120
   \]

Now, to find the total number of ways to arrange all the books, we multiply the number of ways to arrange the units by the number of ways to arrange the books within each unit:
\[
2! \times 3! \times 5! = 2 \times 6 \times 120
\]

Calculating the result:
\[
2 \times 6 = 12
\]
\[
12 \times 120 = 1440
\]

Therefore, the total number of ways to arrange these books, given the constraints, is:
\[
\boxed{1440}
\]","Evaluation: The system_answer provides a thorough and clear breakdown of the steps required to solve the problem of arranging the books under the given constraints. It first simplifies the problem by treating the grouped books as single units and calculates the arrangements for these units. Then it correctly addresses the number of arrangements within each group of books. Finally, it appropriately multiplies the results to obtain the total number of ways the books can be arranged, offering a clear and accurate solution. Overall, the answer is relevant, direct, and detailed.

Total rating: 4",4
12,math,"Let \( A \) and \( B \) be two finite sets, with \( |A| = m \) and \( |B \) = n. How many distinct functions (mappings) can you define from set \( A \) to set \( B \)?","To determine the number of distinct functions from set \( A \) to set \( B \), we start by noting the following details:
- \( |A| = m \): Set \( A \) has \( m \) elements.
- \( |B| = n \): Set \( B \) has \( n \) elements.

A function \( f \) from \( A \) to \( B \) assigns each element in \( A \) to exactly one element in \( B \). This mapping can be done independently for each element in \( A \).

1. Consider the first element of \( A \). There are \( n \) choices for its image in \( B \).
2. For the second element of \( A \), there are also \( n \) choices for its image in \( B \).
3. This process continues for all \( m \) elements in \( A \).

Since each of the \( m \) elements has \( n \) choices, the total number of different functions \( f: A \to B \) is calculated by multiplying the number of choices for each element:

\[
n \times n \times \cdots \times n \quad \text{(m times)}
\]

This is equivalent to:

\[
n^m
\]

Thus, the total number of distinct functions from set \( A \) to set \( B \) is \( n^m \).","Evaluation: The system's answer is highly detailed and explicitly addresses the user question. It clearly explains the reasoning behind the calculation of the number of functions from set \( A \) to set \( B \), stepping through the process of mapping each element from \( A \) to an element in \( B \). The explanation aligns with the necessary combinatorial principles and arrives at the correct result: \( n^m \). Overall, the answer is relevant, direct, and comprehensive.
Total rating: 4",4
13,math,"A function is said to be one-to-one if for all \( x_1, x_2 \in A \), we have \( f(x_1) \ne f(x_2) \). Let \( A \) and \( B \) be two finite sets, with \( |A| = m \) and \( |B| \) = n. How many distinct one-to-one functions (mappings) can you define from set \( A \) to set \( B \)?","To determine the number of distinct one-to-one functions (mappings) from a finite set \( A \) to a finite set \( B \), we need to consider the condition that each element in \( A \) must map to a unique element in \( B \). This implies that no two elements in \( A \) map to the same element in \( B \).

Given:
- \( |A| = m \) (the number of elements in set \( A \))
- \( |B| = n \) (the number of elements in set \( B \))

We are to count the number of one-to-one functions (also known as injective functions) from \( A \) to \( B \).

To form a one-to-one function from \( A \) to \( B \):
1. Choose an element in \( B \) for the first element in \( A \). There are \( n \) choices.
2. Choose an element in \( B \) for the second element in \( A \) that is not already chosen in the first step. There are \( n-1 \) choices.
3. Continue this process... for the \( i \)-th element in \( A \), there will be \( n-i+1 \) choices.

This process continues until we have selected unique elements in \( B \) for each element in \( A \).

The number of distinct one-to-one functions is given by the product of the choices for each step. Therefore, the total number of one-to-one mappings from \( A \) to \( B \) is given by:

\[
n \times (n-1) \times (n-2) \times \cdots \times (n-m+1)
\]

This expression is valid only if \( m \leq n \), because only in this scenario can we select \( m \) unique elements from \( n \) elements.

In mathematical terms, this product is equivalent to the **P**ermutation notation:

\[
P(n, m) = \frac{n!}{(n-m)!}
\]

where \( n! \) is the factorial of \( n \), and \( (n-m)! \) is the factorial of \( n - m \).

Therefore, the number of distinct one-to-one functions from set \( A \) to set \( B \) is:

\[
\boxed{P(n, m) = \frac{n!}{(n-m)!}}
\]","Evaluation: The provided answer is thorough, detailed, and addresses the question directly. It explains the concept of one-to-one (injective) functions, details the steps to determine the number of such functions, and finally provides the correct permutation formula for calculating it. The answer includes all necessary mathematical notations and conditions, making it easy to follow and comprehensive. There are no significant omissions or inaccuracies that I can identify.

Total rating: 4",4
14,math,An urn contains 30 red balls and 70 green balls. What is the probability of getting exactly \( k \) red balls in a sample of size 20 if the sampling is done with replacement? Assume \( 0 \le k \le 20 \).,"To calculate the probability of getting exactly \( k \) red balls in a sample of size 20 when sampling with replacement from an urn containing 30 red balls and 70 green balls, we can model this scenario using the binomial distribution.

In a binomial distribution, the probability of getting exactly \( k \) successes (red balls in our case) in \( n \) independent trials (draws in our case) is given by:

\[
P(X = k) = \binom{n}{k} p^k (1-p)^{n-k}
\]

where:
- \( \binom{n}{k} = \frac{n!}{k!(n-k)!} \) is the binomial coefficient,
- \( p \) is the probability of success on a single trial (drawing a red ball),
- \( n \) is the number of trials,
- \( k \) is the number of successes.

For our problem:
- \( n = 20 \) (the total number of draws),
- \( p = \frac{30}{100} = 0.3 \) (the probability of drawing a red ball on any single draw),
- \( k \) is the number of red balls we want to find the probability for.

Thus, the probability of getting exactly \( k \) red balls in the sample of size 20 is:

\[
P(X = k) = \binom{20}{k} (0.3)^k (0.7)^{20-k}
\]

This formula can be used for any \( k \) from 0 to 20.","Evaluation: The system's answer provides a thorough and accurate explanation of how to calculate the probability of getting exactly \( k \) red balls in a sample of size 20 using the binomial distribution, which is the appropriate statistical model for this type of problem. It clearly defines all the parameters involved, including the binomial coefficient, the probability \( p \) of drawing a red ball, and the number of trials \( n \). The formula is correctly presented and details are provided on how to substitute the values specific to this problem. This answer addresses all the concerns raised in the question in a detailed and relevant manner.

Total rating: 4",4
15,math,An urn consists of 30 red balls and 70 green balls. What is the probability of getting exactly \( k \) red balls in a sample of size 20 if the sampling is done without replacement?,"To find the probability of getting exactly \( k \) red balls in a sample of size 20 from an urn containing 30 red balls and 70 green balls, when sampling is done without replacement, you can use the hypergeometric distribution.

The hypergeometric probability mass function is given by:

\[ P(X = k) = \frac{\binom{R}{k} \binom{N - R}{n - k}}{\binom{N}{n}} \]

where:
- \( N \) is the total number of balls (red + green).
- \( R \) is the total number of red balls.
- \( n \) is the sample size.
- \( k \) is the number of red balls in the sample.
- \(\binom{a}{b}\) represents a binomial coefficient, which is the number of ways to choose \( b \) items from \( a \) items without regard to order.

In this specific problem:
- \( N = 100 \) (total balls: 30 red + 70 green)
- \( R = 30 \) (total red balls)
- \( n = 20 \) (sample size)
- \( k \) is the number of red balls in the sample.

The probability becomes:

\[ P(X = k) = \frac{\binom{30}{k} \binom{70}{20 - k}}{\binom{100}{20}} \]

Let's break this down into steps:
1. Calculate \(\binom{30}{k}\) which is the number of ways to choose \( k \) red balls from 30 red balls.
2. Calculate \(\binom{70}{20 - k}\) which is the number of ways to choose \( (20 - k) \) green balls from 70 green balls.
3. Calculate \(\binom{100}{20}\) which is the total number of ways to choose 20 balls from 100 balls.
4. Divide the product of the first two binomial coefficients by the third binomial coefficient.

Substituting these into the hypergeometric formula will give you the probability of getting exactly \( k \) red balls in a sample of size 20.

For instance, if you want to find the probability of getting exactly 10 red balls (\( k = 10 \)):

\[ P(X = 10) = \frac{\binom{30}{10} \binom{70}{10}}{\binom{100}{20}} \]

Calculation of binomial coefficients:
- \(\binom{30}{10}\) is calculated as \(\frac{30!}{10!(30-10)!} = \frac{30!}{10!20!}\).
- \(\binom{70}{10}\) is calculated as \(\frac{70!}{10!(70-10)!} = \frac{70!}{10!60!}\).
- \(\binom{100}{20}\) is calculated as \(\frac{100!}{20!(100-20)!} = \frac{100!}{20!80!}\).

You will need a calculator or software for the factorials due to the large numbers involved, but this setup shows how you would find the required probability.","Evaluation: The system answer thoroughly and accurately addresses the user question. It clearly explains the use of the hypergeometric distribution and provides the relevant formula. Each element of the formula is thoroughly defined and contextualized within the given problem. The answer also offers a step-by-step breakdown of how to perform the calculations, including an example with \( k = 10 \). The detailed explanation is comprehensive and should allow the user to understand and compute the desired probability correctly. However, it might be enhanced slightly with a closing reminder about the computational demands of factorials and the practical need for software tools when working with such large numbers.

Total rating: 4",4
16,math,"Assume that there are 100 people in a room and we know that: 25% with probability 1/4, 50% with probability 1/4, and 75% with probability 1/2. a) What is the probability that at least two of them have been born in the same month? Assume that all months are equally likely. b) Given that we already know there are at least two people that celebrate their birthday in the same month, what is the probability that 10% of the people share the same birth month?","Let's break down the problem step by step.

### Part (a): Probability that at least two people share the same birth month

For this problem, let's start by calculating the complementary probability: the probability that no two people share the same birth month.

Since there are 12 months in a year, and we are assuming that birthdays are uniformly distributed across these months, let's use the birthday problem concept.

The probability that no two people share the same birth month, when considering the \( k \)-th person, can be found by:

\[ \text{P}(k\text{-th person has a unique month}) = \frac{12 - (k-1)}{12} \]

For \( 100 \) people, this sequence extends as:

\[
\text{P}(No two people share the same birth month) = \prod_{k=1}^{100} \frac{12 - (k-1)}{12}
\]

However, once \( k \) exceeds 12, this probability becomes 0 because we run out of unique months to assign.

So, the probability that at least two of them share the same birth month is simply:

\[ \text{P}(\text{At least two people share the same birth month}) = 1 - \text{P}(\text{No two people share the same birth month}) \]

Since in our case \( k \) is more than \( 12 \), the probability \( \text{P}(\text{No two people share the same birth month}) \) becomes \( 0 \).

Thus:

\[ \text{P}(\text{At least two people share the same birth month}) = 1 - 0 = 1 \]

### Part (b): Conditional probability that 10% of the people share the same birth month

We are given that there are at least two people who share the same birth month. We need to find the probability that \( 10\% \) of the people (i.e., 10 people since there are 100) share the same birth month, knowing that at least two people already share a birth month.

**Step 1: Determine the likelihood assignments**
1. **25% with probability \( \frac{1}{4} \)**
2. **50% with probability \( \frac{1}{4} \)**
3. **75% with probability \( \frac{1}{2} \)**

Calculate total probability:
\[
P(A \cup B \cup C) \text{ for one of the cases like } A, B, \text{ or } C \text{ (overlaps need to be considered - inclusion-exclusion)}, but mainly summing simplified gives comprehensible result each case breaking down association in full solving exactly same the same case in context}
\]

Bridging forward:
Normalization realizing approach 10% will review, for large people can rationalise simplifying:

The conditional probability for consequent realization \( C \) considering large samples from prior context(simplified):

Approximately using feasible data:
\(
\text{P}(10 share same month  | least 2 share same) ~ answer in complete data from learning)

Bringing approx:
Realistic case:
**Simplified \text{calculation = Result narrowed combining evaluations will emphasize precisely conditional but often unconditional binding together basis context solutions }**. 
\):


Given the mentioned needs accurate final solution as context scales rational feasibility approach.

Thus ~naming then transitional popularly each dependentian + most analytically explained confirming steps-by answers in actual evident ways providing completeness context's rational completing only:

However:
~Ensuring piece as outlook final:

Context's complete solution steps further advise or progressive complete verifying exactly ensuring }","Evaluation: The system_answer attempts to address both parts of the question but is largely unhelpful for several reasons. 

1. For part (a), it correctly identifies the problem as a variation of the ""birthday problem"" and begins with the right approach, but the explanation becomes unclear and convoluted. The response should clearly state that with 100 people and only 12 months, it's impossible for everyone to have unique birth months, resulting in a probability of 1 that at least two people share the same birth month. However, this important clarification comes late and is somewhat buried in the explanation.

2. For part (b), the response is highly confusing and does not provide a clear solution. The inclusion of unnecessary and tangential information makes it difficult to follow. Specifically, the steps involving the mentioned probabilities (25%, 50%, 75%) are not properly explained or utilized to address the conditional probability question. Additionally, the use of terms like ""conditional but often unconditional binding"" is unclear and adds to the confusion.

Overall, the answer lacks clarity, precision, and effective communication of the necessary mathematical concepts and steps required to solve each part of the problem. It needs a more structured and straightforward approach to be genuinely helpful.

Total rating: 1",1
17,math,"How many distinct solutions does the following equation have? \( x_1 + x_2 + x_3 + x_4 = 100 \) such that \( x_1 \in \{1, 2, 3, \ldots\} \), \( x_2 \in \{2, 3, 4, \ldots\} \), \( x_3, x_4 \in \{0, 1, 2, \ldots\} \).","To solve the problem of finding the number of distinct solutions to the equation \( x_1 + x_2 + x_3 + x_4 = 100 \) with given constraints \( x_1 \geq 1\), \(x_2 \geq 2\), and \(x_3, x_4 \geq 0\), we first make a substitution to transform the variables so they start from zero. 

Let:
\[
y_1 = x_1 - 1
\]
\[
y_2 = x_2 - 2
\]
\[
y_3 = x_3
\]
\[
y_4 = x_4
\]

With these substitutions, the constraints transform to \( y_1 \geq 0 \), \( y_2 \geq 0 \), \( y_3 \geq 0 \), and \( y_4 \geq 0 \). Our equation \( x_1 + x_2 + x_3 + x_4 = 100 \) then becomes:
\[
(y_1 + 1) + (y_2 + 2) + y_3 + y_4 = 100
\]
Simplifying this equation, we get:
\[
y_1 + y_2 + 1 + 2 + y_3 + y_4 = 100
\]
\[
y_1 + y_2 + y_3 + y_4 + 3 = 100
\]
\[
y_1 + y_2 + y_3 + y_4 = 97
\]

The task now is to find the number of non-negative integer solutions to the equation \( y_1 + y_2 + y_3 + y_4 = 97 \).

The number of solutions to this equation can be obtained using the ""stars and bars"" theorem, which states that the number of solutions in non-negative integers of the equation \( y_1 + y_2 + \ldots + y_k = n \) is given by:
\[
\binom{n + k - 1}{k - 1}
\]

In our case, \(n = 97\) and \(k = 4\). Hence, the number of solutions is:
\[
\binom{97 + 4 - 1}{4 - 1} = \binom{100}{3}
\]

Now we need to calculate \(\binom{100}{3}\):

\[
\binom{100}{3} = \frac{100 \times 99 \times 98}{3 \times 2 \times 1} = \frac{100 \times 99 \times 98}{6}
\]

First, we calculate the numerator: 
\[
100 \times 99 = 9900
\]
\[
9900 \times 98 = 970200
\]

Next, we divide by the denominator:
\[
\frac{970200}{6} = 161700
\]

Therefore, the number of distinct solutions to the equation \( x_1 + x_2 + x_3 + x_4 = 100 \) under the given constraints is:
\[
\boxed{161700}
\]","Evaluation: The system_answer is highly detailed and thoroughly explains each step required to solve the problem. It correctly identifies the constraints and appropriately transforms the variables to simplify the problem. It uses the ""stars and bars"" theorem accurately and correctly calculates the necessary binomial coefficient to find the solution. The explanation is clear, logical, and covers all aspects of the question.

Total rating: 4",4
18,math,"Guests arrive at a party. Each person is wearing a hat. We collect all hats and then randomly redistribute the hats, giving each person one of the \( N \) hats randomly. What is the probability that at least one person receives his/her own hat?","The problem you're describing is a classic example from probability theory known as the ""derangement problem,"" which deals with permutations where no element appears in its ""natural"" position. Specifically, you are looking for the probability that at least one person receives their own hat in a random permutation of hats.

To find the probability of at least one person getting their own hat, we can use the concept of derangements. A derangement is a permutation where none of the objects appear in their original position. We need to calculate the number of derangements (\( !N \)) and compare it to the total number of permutations (\( N! \)).

The number of derangements \( !N \) can be calculated using the inclusion-exclusion principle. The formula for \( !N \) is:

\[ !N = N! \sum_{k=0}^{N} \frac{(-1)^k}{k!} \]

### Steps to Determine the Probability:
1. Calculate the total number of permutations \( N! \).
2. Calculate the number of derangements \( !N \) using the above formula.
3. The number of permutations where at least one person gets their own hat is given by \( N! - !N \).
4. The probability \( P(\text{at least one person gets their own hat}) \) is then:

\[ P(\text{at least one person gets their own hat}) = 1 - \frac{!N}{N!} \]

Given the asymptotic behavior of the derangement, \( !N / N! \) approaches \( 1/e \) as \( N \) becomes large, where \( e \) is the base of the natural logarithm (approximately 2.71828). Hence for large \( N \):

\[ \frac{!N}{N!} \approx \frac{1}{e} \]

Thus, the probability that at least one person gets their own hat is approximately:

\[ P(\text{at least one person gets their own hat}) \approx 1 - \frac{1}{e} \]

Using the value of \( e \):

\[ 1 - \frac{1}{e} \approx 1 - \frac{1}{2.71828} \approx 1 - 0.3679 \approx 0.6321 \]

So, for large \( N \):

\[ P(\text{at least one person gets their own hat}) \approx 0.6321 \]

### Exact Calculation for Small \( N \):
For exact values for small \( N \), you can compute \( !N \) directly and then find the probability.

For example:
- When \( N = 1 \), there's only one permutation, and it's the one where the person gets their own hat, so the probability is 1.
- When \( N = 2 \):

  Total permutations = \( 2! = 2 \)

  Derangements \( !2 = 1 \)

  Probability = \( 1 - \frac{1}{2} = 0.5 \)

Using these calculations, you can determine the precise probability for small \( N \).

In summary, the probability that at least one person receives his/her own hat in the random redistribution of \( N \) hats is given by \( 1 - \frac{!N}{N!} \), which asymptotically approaches approximately 0.6321 as \( N \) becomes large.","Evaluation: The system answer is very thorough and detailed, accurately addressing the user question about the probability that at least one person gets their own hat after a random redistribution. It correctly identifies the problem as a derangement problem and explains the concept clearly. The answer then walks through the steps to calculate the probability, including both exact calculations for small \( N \) and the asymptotic behavior for large \( N \). However, the answer could be more concise and streamlined, as it includes extensive details that might be a bit overwhelming.

Total rating: 4",4
19,coding,Develop a C++ program that reads a text file line by line and counts the number of occurrences of a specific word in the file.,"Certainly! To develop a C++ program that reads a text file line by line and counts the number of occurrences of a specific word, you'll need to use the file I/O facilities provided by the C++ Standard Library. Here's a step-by-step implementation of such a program:

```cpp
#include <iostream>
#include <fstream>
#include <string>

// Function to count occurrences of a word in a string
int countOccurrences(const std::string &str, const std::string &word) {
    int count = 0;
    size_t pos = str.find(word, 0);
    while (pos != std::string::npos) {
        count++;
        pos = str.find(word, pos + word.length());
    }
    return count;
}

int main() {
    std::string filename;
    std::string word;

    std::cout << ""Enter the filename: "";
    std::cin >> filename;

    std::cout << ""Enter the word to count: "";
    std::cin >> word;

    std::ifstream file(filename);

    if (!file.is_open()) {
        std::cerr << ""Error opening file: "" << filename << std::endl;
        return 1;
    }

    int totalOccurrences = 0;
    std::string line;

    while (std::getline(file, line)) {
        totalOccurrences += countOccurrences(line, word);
    }

    file.close();

    std::cout << ""The word '"" << word << ""' occurred "" << totalOccurrences << "" times in the file."" << std::endl;

    return 0;
}
```

### Explanation

1. **Include Necessary Headers**:
    - `<iostream>` for standard input/output operations.
    - `<fstream>` for file stream operations.
    - `<string>` for string operations.

2. **Function `countOccurrences`**:
    - This function takes two `std::string` parameters: `str` and `word`.
    - It searches `str` for the word and counts the number of times the word appears.
    - It uses `std::string::find` to locate the word within the string and increments a counter each time the word is found.
    - The function returns the count of occurrences.

3. **Main Program Flow**:
    - Prompt the user to enter the filename and the word they want to count.
    - Open the file using an `std::ifstream` object.
    - Check if the file was successfully opened; if not, print an error message and return a non-zero value to indicate failure.
    - Read the file line by line using `std::getline`.
    - For each line, use the `countOccurrences` function to count the occurrences of the word and add it to the `totalOccurrences`.
    - After reading all lines, close the file and print the total number of occurrences of the word.

### Usage
- Compile the program using a C++ compiler, for example:
  ```sh
  g++ -o word_count word_count.cpp
  ```
- Run the compiled program:
  ```sh
  ./word_count
  ```
- Enter the filename (make sure the file is in the same directory as your executable or provide the full path) and the word you want to count.

This answer provides a complete, working example to accomplish the goal of reading a text file line by line and counting the number of occurrences of a specified word.","Evaluation: The system answer is comprehensive and detailed, offering a complete C++ program that reads a text file line by line and counts the occurrences of a specific word. It includes headers, a function for counting occurrences, and a main function that handles user input, file reading, and output. It also provides a clear explanation of each part of the code and instructions for compiling and running the program. This fully addresses the user's question.

Total rating: 4",4
20,coding,Implement a Python function to find the longest common subsequence of two input strings using dynamic programming.,"Certainly! The longest common subsequence (LCS) problem is a classic example of dynamic programming. Here's a Python function that computes the LCS of two input strings using this approach:

```python
def longest_common_subsequence(str1, str2):
    # Get the lengths of the two input strings
    m, n = len(str1), len(str2)
    
    # Create a 2D array (list of lists) to store the lengths of LCS of substrings
    # Initialize the array with zeros
    dp = [[0] * (n + 1) for _ in range(m + 1)]
    
    # Build the dp array from the bottom up
    for i in range(1, m + 1):
        for j in range(1, n + 1):
            if str1[i - 1] == str2[j - 1]:
                dp[i][j] = dp[i - 1][j - 1] + 1
            else:
                dp[i][j] = max(dp[i - 1][j], dp[i][j - 1])
    
    # The length of the LCS is now dp[m][n]
    
    # To construct the LCS string, we traverse the dp array from the bottom-right corner
    lcs_length = dp[m][n]
    lcs = [""""] * lcs_length
    i, j = m, n
    
    while i > 0 and j > 0:
        if str1[i - 1] == str2[j - 1]:
            lcs[lcs_length - 1] = str1[i - 1]
            i -= 1
            j -= 1
            lcs_length -= 1
        elif dp[i - 1][j] > dp[i][j - 1]:
            i -= 1
        else:
            j -= 1
    
    return """".join(lcs)

# Testing the function
str1 = ""AGGTAB""
str2 = ""GXTXAYB""
lcs = longest_common_subsequence(str1, str2)
print(f""The Longest Common Subsequence is: {lcs}"")
```

This function accomplishes the following:

1. **Initialization**: It creates a 2D array `dp` with dimensions `(m+1) x (n+1)` initialized to zero, where `m` and `n` are the lengths of the two input strings.
2. **Filling the DP Table**: It fills this table using a bottom-up approach by comparing characters of the two strings. If the characters match, it increments the value from the previous diagonal cell (`dp[i-1][j-1] + 1`). If they don’t match, it takes the maximum value from either the left or the top cell.
3. **Constructing the LCS String**: After filling the DP table, it backtracks from `dp[m][n]` to construct the LCS string by following the path of characters that contributed to the LCS length.

This implementation ensures we find both the length of the LCS and the LCS string itself.","Evaluation: The system's response is highly detailed and directly answers the user's question. It begins with a clear introduction to the LCS problem, and then provides a comprehensive Python function addressing the task. The code is well-commented, explaining each step of the process, from initializing the 2D array, filling the DP table, to constructing the LCS string. The final part of the answer even includes an example of how to test the function, demonstrating its usage. The response covers all aspects of the problem, providing both the LCS length calculation and the LCS string construction.

Total rating: 4",4
21,coding,Implement a regular expression in Python to validate an email address.,"Certainly! To validate an email address using a regular expression (regex) in Python, you can use the `re` module, which provides support for working with regular expressions. Below is a common pattern that matches most email address formats according to general guidelines.

Here's how you can implement this:

```python
import re

def is_valid_email(email):
    # Define the regular expression pattern for validating an email address
    email_pattern = re.compile(
        r""(^[a-zA-Z0-9_.+-]+@[a-zA-Z0-9-]+\.[a-zA-Z0-9-.]+$)""
    )
    
    # Use the pattern to match the input email
    return re.match(email_pattern, email) is not None

# Test the function with some example email addresses
examples = [
    ""test@example.com"",
    ""user.name+tag+sorting@example.com"",
    ""user@sub.example.com"",
    ""user@com"",  # Invalid
    ""@example.com"",  # Invalid
    ""plainaddress"",  # Invalid
    ""username@.com""  # Invalid
]

for email in examples:
    print(f""{email}: {is_valid_email(email)}"")
```

Explanation of the regex pattern:
- `^`: Asserts position at the start of a line.
- `[a-zA-Z0-9_.+-]+`: Matches one or more characters that can be lowercase letters, uppercase letters, digits, underscores, dots, pluses or hyphens in the local part of the email.
- `@`: Matches the `@` symbol.
- `[a-zA-Z0-9-]+`: Matches one or more characters that can be lowercase letters, uppercase letters, digits, or hyphens in the domain name part before the dot.
- `\.`: Escapes the dot (.) character, as it otherwise matches any character.
- `[a-zA-Z0-9-.]+`: Matches one or more characters that can be lowercase letters, uppercase letters, digits, dots, or hyphens in the domain suffix.
- `$`: Asserts position at the end of a line.

The `re.match` function returns a match object if the pattern matches the string; otherwise, it returns `None`. The `is not None` check is used to convert this to a boolean value indicating if the email address is valid.","Evaluation:
The system_answer thoroughly addresses the user_question by providing a complete implementation for validating an email address using regular expressions in Python. It includes an import statement for the `re` module, a function definition (`is_valid_email`), a suitable regex pattern within `re.compile`, and example test cases demonstrating both valid and invalid email inputs. Additionally, the answer offers an explanation of each part of the regex pattern, which is crucial for understanding how the validation works. Overall, the system_answer is relevant, direct, and detailed, addressing all aspects of the user_question.

Total rating: 4",4
22,coding,Write a program to find the nth Fibonacci number using dynamic programming.,"Certainly! The Fibonacci sequence is a series of numbers where each number is the sum of the two preceding ones, often starting with 0 and 1. Dynamic programming is an efficient way to compute the Fibonacci numbers because it stores the results of subproblems to avoid redundant calculations.

Here's a Python program to find the nth Fibonacci number using dynamic programming:

```python
def fibonacci(n):
    if n <= 0:
        return ""Input should be a positive integer.""
    elif n == 1:
        return 0
    elif n == 2:
        return 1

    # Initialize the base cases
    fib = [0, 1]

    # Build up the Fibonacci sequence to the nth number
    for i in range(2, n):
        fib.append(fib[i-1] + fib[i-2])

    return fib[n-1]

# Example usage:
n = 10  # Find the 10th Fibonacci number
print(f""The {n}th Fibonacci number is {fibonacci(n)}"")
```

In this program:
1. We handle edge cases for n less than or equal to 0.
2. We return the appropriate result for the base cases (e.g., Fibonacci(1) = 0 and Fibonacci(2) = 1).
3. We use a list `fib` to store Fibonacci numbers up to the nth number.
4. We use a loop to fill the list based on the formula `fib[i] = fib[i-1] + fib[i-2]`.

The program will output:

```
The 10th Fibonacci number is 34
```

Feel free to modify the `n` value to get the nth Fibonacci number as needed.","Evaluation: This system answer is thorough and well-structured. It explains the concept of the Fibonacci sequence and dynamic programming briefly but clearly. The provided Python code includes input validation for edge cases, handles the base cases appropriately, and employs a loop to compute the Fibonacci numbers up to `n`. The example usage demonstrates how to call the function and print the result, and there's a clear explanation of the program's logic. Overall, the answer is relevant, direct, and addresses all the user's concerns.

Total rating: 4",4
23,coding,Implement a binary search algorithm to find a specific element in a sorted array.,"Certainly! Below is an implementation of the binary search algorithm in Python to find a specific element in a sorted array.

```python
def binary_search(arr, target):
    left, right = 0, len(arr) - 1
    
    while left <= right:
        mid = left + (right - left) // 2
        
        # Check if target is present at mid
        if arr[mid] == target:
            return mid
        # If target is greater, ignore the left half
        elif arr[mid] < target:
            left = mid + 1
        # If target is smaller, ignore the right half
        else:
            right = mid - 1
    
    # Target is not present in array
    return -1

# Example usage:
arr = [1, 2, 3, 4, 5, 6, 7, 8, 9, 10]
target = 5

result = binary_search(arr, target)

if result != -1:
    print(f""Element found at index {result}"")
else:
    print(""Element not found in array"")
```

### Explanation of Binary Search Algorithm:
1. **Initialization**: Start with two pointers, `left` and `right`, initialized to the first and last indices of the array, respectively.

2. **Iteration**: While `left` is less than or equal to `right`:
    - Calculate the mid-point index as `mid = left + (right - left) // 2` to avoid potential overflow.
    - Compare the element at `mid` with the target:
        - If they are equal, return the `mid` index (element found).
        - If the element at `mid` is less than the target, move the `left` pointer to `mid + 1` (search in the right half).
        - If the element at `mid` is more than the target, move the `right` pointer to `mid - 1` (search in the left half).

3. **Completion**: If the loop terminates without finding the element, return `-1` to indicate the element is not present in the array.

This implementation ensures that the search is efficient, with a time complexity of \(O(\log n)\), where \(n\) is the number of elements in the array.","Evaluation: The system answer is excellent. It provides a complete and accurate implementation of the binary search algorithm in Python, with clear steps and detailed explanation. The code snippet is well-commented and easy to understand, and the example usage helps to illustrate how the function works. Additionally, the explanation covers the initialization, iteration, and completion steps of the algorithm, ensuring that the user comprehends every part of it.

Total rating: 4",4
24,coding,Implement a queue data structure using two stacks in Python.,"To implement a queue using two stacks in Python, you can follow the approach where you use one stack (`stack_in`) for enqueue operations and the other stack (`stack_out`) for dequeue operations.

Here is a Python class to implement the queue using two stacks:

```python
class QueueUsingStacks:
    def __init__(self):
        self.stack_in = []
        self.stack_out = []

    def enqueue(self, item):
        self.stack_in.append(item)

    def dequeue(self):
        if not self.stack_out:
            while self.stack_in:
                self.stack_out.append(self.stack_in.pop())
        if self.stack_out:
            return self.stack_out.pop()
        raise IndexError(""dequeue from empty queue"")

    def peek(self):
        if not self.stack_out:
            while self.stack_in:
                self.stack_out.append(self.stack_in.pop())
        if self.stack_out:
            return self.stack_out[-1]
        raise IndexError(""peek from empty queue"")

    def is_empty(self):
        return not self.stack_in and not self.stack_out

    def size(self):
        return len(self.stack_in) + len(self.stack_out)

# Example usage:
queue = QueueUsingStacks()
queue.enqueue(1)
queue.enqueue(2)
print(queue.dequeue())  # Output: 1
queue.enqueue(3)
print(queue.peek())     # Output: 2
print(queue.dequeue())  # Output: 2
print(queue.is_empty()) # Output: False
print(queue.dequeue())  # Output: 3
print(queue.is_empty()) # Output: True
```

Let's break down how this implementation works:

1. **Initialization**: The class initializes with two empty stacks `stack_in` and `stack_out`.
2. **Enqueue Operation**: When enqueuing an item, simply append it to `stack_in`.
3. **Dequeue Operation**: 
    - If `stack_out` is empty, it means we need to transfer elements from `stack_in` to `stack_out`.
    - Pop all elements from `stack_in` and push them onto `stack_out`. This reverses the order of elements, making the oldest element (the front of the queue) accessible at the top of `stack_out`.
    - Return the top element from `stack_out` after transferring.
4. **Peek Operation**: Similar to the dequeue operation, but instead of popping the element from `stack_out`, just return the top element.
5. **is_empty Method**: The queue is empty when both `stack_in` and `stack_out` are empty.
6. **Size Method**: The total size of the queue is the sum of the sizes of `stack_in` and `stack_out`.

This method ensures that the queue operations comply with the FIFO (First In, First Out) principle using two stacks.","Evaluation: The system_answer provides a detailed and comprehensive solution to the user’s question. It includes a well-defined Python class with methods that implement a queue using two stacks. The explanation of each method is clear and covers the key aspects of queue operations (enqueue, dequeue, peek, is_empty, and size). The example usage further demonstrates how the class can be utilized, which helps in understanding the implementation. Overall, it addresses all the concerns raised in the question effectively.

Total rating: 4",4
25,coding,Implement a program to find the common elements in two arrays without using any extra data structures.,"Certainly! Here's a Python program that finds the common elements between two arrays without using any extra data structures like sets or dictionaries. This implementation follows an efficient approach if both arrays are sorted. If the arrays are not sorted, you should sort them first, which will ensure the solution remains efficient.

Here's the step-by-step implementation:

1. Sort both arrays.
2. Use two pointers to traverse both arrays simultaneously and find common elements.

```python
def find_common_elements(arr1, arr2):
    # Step 1: Sort both arrays
    arr1.sort()
    arr2.sort()

    # Step 2: Use two pointers to find common elements
    i, j = 0, 0
    common_elements = []

    while i < len(arr1) and j < len(arr2):
        if arr1[i] == arr2[j]:
            common_elements.append(arr1[i])
            i += 1
            j += 1
        elif arr1[i] < arr2[j]:
            i += 1
        else:
            j += 1

    return common_elements

# Example usage:
array1 = [1, 3, 4, 6, 7, 9]
array2 = [1, 2, 4, 5, 9, 10]

common = find_common_elements(array1, array2)
print(""Common elements:"", common)
```

### Explanation
- **Sorting:** Both arrays are sorted first. Sorting takes \(O(n \log n)\) time.
- **Two Pointers:** Two pointers are initialized to the beginning of both arrays. We traverse the arrays, moving the pointers to find common elements. This takes \(O(n + m)\) time where \(n\) and \(m\) are the lengths of the two arrays.
- **Comparison:** If the current elements pointed by the pointers are equal, it means they are common, so we store the element and move both pointers forward. If the element in `arr1` is smaller, we move the pointer in `arr1` forward. If the element in `arr2` is smaller, we move the pointer in `arr2` forward.

This solution is efficient and does not require any extra space apart from a list to store the common elements.","Evaluation: The system_answer is excellent. It provides a clear and direct solution to the user_question with a step-by-step explanation of the algorithm. It addresses the user's requirement to not use any extra data structures by using sorting and two-pointer techniques. The code is well-commented, and there's even an example to demonstrate usage. The explanation of the time complexity and how the algorithm works further enhances the comprehensiveness of the answer.

Total rating: 4",4
26,math,"Given that f(x) = 5x^3 - 2x + 3, find the value of f(2).","To find the value of \( f(2) \) for the function \( f(x) = 5x^3 - 2x + 3 \), substitute \( x \) with 2:

\[
f(2) = 5(2)^3 - 2(2) + 3
\]

Now, calculate each term step-by-step:

1. Evaluate \( (2)^3 \):
   \[
   (2)^3 = 8
   \]

2. Multiply by 5:
   \[
   5 \cdot 8 = 40
   \]

3. Evaluate \( -2(2) \):
   \[
   -2 \cdot 2 = -4
   \]

4. Add 3:
   \[
   40 - 4 + 3 = 39
   \]

Thus, the value of \( f(2) \) is:

\[
f(2) = 39
\]","Evaluation: The system_answer is thorough and systematic in solving the function \( f(2) \) for the given equation \( f(x) = 5x^3 - 2x + 3 \). The explanation is clear, step-by-step, and checks each part of the computation. The final answer is correctly derived and presented. This response is complete, relevant, and addresses all aspects of the user's question accurately.

Total rating: 4",4
27,math,Solve for x in the equation 3x + 10 = 5(x - 2).,"To solve the equation \( 3x + 10 = 5(x - 2) \), follow these steps:

1. Distribute the 5 on the right-hand side of the equation:
   \[
   3x + 10 = 5x - 10
   \]

2. Subtract \( 3x \) from both sides to begin isolating \( x \):
   \[
   10 = 2x - 10
   \]

3. Add 10 to both sides to further isolate the term with \( x \):
   \[
   20 = 2x
   \]

4. Divide both sides by 2 to solve for \( x \):
   \[
   x = 10
   \]

So, the solution is \( x = 10 \).","Evaluation: The system_answer is clear, logical, and systematic in its approach to solving the equation. It breaks down each step, making it easy to follow, and reaches the correct solution. There are no missing steps or incorrect operations, and it directly addresses the user's query by providing a detailed solution. Therefore, the answer is complete and satisfactorily resolves the user's concern.

Total rating: 4",4
28,math,"If the endpoints of a line segment are (2, -2) and (10, 4), what is the length of the segment?","To determine the length of the line segment with endpoints \((2, -2)\) and \((10, 4)\), we use the distance formula. The distance formula for two points \((x_1, y_1)\) and \((x_2, y_2)\) is:

\[ \text{Distance} = \sqrt{(x_2 - x_1)^2 + (y_2 - y_1)^2} \]

Substituting the given points \((2, -2)\) and \((10, 4)\) into the formula:

- \((x_1, y_1) = (2, -2)\)
- \((x_2, y_2) = (10, 4)\)

First, calculate the differences:
- \(x_2 - x_1 = 10 - 2 = 8\)
- \(y_2 - y_1 = 4 - (-2) = 4 + 2 = 6\)

Now, square these differences:
- \( (x_2 - x_1)^2 = 8^2 = 64 \)
- \( (y_2 - y_1)^2 = 6^2 = 36 \)

Add the squared differences:
\[ 64 + 36 = 100 \]

Finally, take the square root of the sum to find the distance:
\[ \sqrt{100} = 10 \]

Thus, the length of the line segment is \(10\) units.","Evaluation: The system_answer is excellent. It provides a clear, step-by-step solution to finding the length of the line segment, using the distance formula. Each step, including substitution, calculation of differences, squaring, addition, and taking the square root, is detailed and well-explained. This answer accurately and completely addresses the user_question.

Total rating: 4",4
